temps,entree
0,2.000
0.000010,1.969
0.000020,1.876
0.000030,1.729
0.000040,1.536
0.000050,1.309
0.000060,1.062
0.000070,0.812
0.000080,0.573
0.000090,0.361
0.000100,0.189
0.000110,0.068
0.000120,0.005
0.000130,0.005
0.000140,0.066
0.000150,0.187
0.000160,0.358
0.000170,0.569
0.000180,0.806
0.000190,1.056
0.000200,1.301
0.000210,1.527
0.000220,1.719
0.000230,1.866
0.000240,1.957
0.000250,1.988
0.000260,1.955
0.000270,1.862
0.000280,1.714
0.000290,1.519
0.000300,1.291
0.000310,1.044
0.000320,0.792
0.000330,0.553
0.000340,0.340
0.000350,0.167
0.000360,0.045
0.000370,-0.019
0.000380,-0.020
0.000390,0.040
0.000400,0.160
0.000410,0.330
0.000420,0.540
0.000430,0.776
0.000440,1.025
0.000450,1.269
0.000460,1.494
0.000470,1.686
0.000480,1.831
0.000490,1.922
0.000500,1.951
0.000510,1.918
0.000520,1.823
0.000530,1.674
0.000540,1.479
0.000550,1.250
0.000560,1.002
0.000570,0.749
0.000580,0.509
0.000590,0.295
0.000600,0.121
0.000610,-0.002
0.000620,-0.067
0.000630,-0.069
0.000640,-0.010
0.000650,0.109
0.000660,0.278
0.000670,0.487
0.000680,0.723
0.000690,0.970
0.000700,1.214
0.000710,1.438
0.000720,1.628
0.000730,1.773
0.000740,1.862
0.000750,1.891
0.000760,1.857
0.000770,1.762
0.000780,1.611
0.000790,1.415
0.000800,1.185
0.000810,0.936
0.000820,0.683
0.000830,0.441
0.000840,0.226
0.000850,0.052
0.000860,-0.072
0.000870,-0.138
0.000880,-0.141
0.000890,-0.082
0.000900,0.035
0.000910,0.204
0.000920,0.412
0.000930,0.647
0.000940,0.893
0.000950,1.136
0.000960,1.359
0.000970,1.549
0.000980,1.693
0.000990,1.781
0.001000,1.809
0.001010,1.774
0.001020,1.678
0.001030,1.527
0.001040,1.330
0.001050,1.099
0.001060,0.849
0.001070,0.595
0.001080,0.353
0.001090,0.137
0.001100,-0.039
0.001110,-0.163
0.001120,-0.230
0.001130,-0.234
0.001140,-0.176
0.001150,-0.059
0.001160,0.109
0.001170,0.316
0.001180,0.550
0.001190,0.796
0.001200,1.038
0.001210,1.260
0.001220,1.449
0.001230,1.592
0.001240,1.680
0.001250,1.707
0.001260,1.671
0.001270,1.574
0.001280,1.423
0.001290,1.225
0.001300,0.994
0.001310,0.743
0.001320,0.488
0.001330,0.245
0.001340,0.029
0.001350,-0.148
0.001360,-0.273
0.001370,-0.340
0.001380,-0.345
0.001390,-0.288
0.001400,-0.172
0.001410,-0.005
0.001420,0.202
0.001430,0.435
0.001440,0.681
0.001450,0.922
0.001460,1.144
0.001470,1.332
0.001480,1.474
0.001490,1.561
0.001500,1.588
0.001510,1.551
0.001520,1.454
0.001530,1.301
0.001540,1.103
0.001550,0.871
0.001560,0.620
0.001570,0.364
0.001580,0.121
0.001590,-0.096
0.001600,-0.273
0.001610,-0.399
0.001620,-0.467
0.001630,-0.472
0.001640,-0.415
0.001650,-0.300
0.001660,-0.134
0.001670,0.072
0.001680,0.305
0.001690,0.550
0.001700,0.791
0.001710,1.012
0.001720,1.200
0.001730,1.341
0.001740,1.428
0.001750,1.454
0.001760,1.417
0.001770,1.319
0.001780,1.166
0.001790,0.967
0.001800,0.735
0.001810,0.483
0.001820,0.227
0.001830,-0.017
0.001840,-0.235
0.001850,-0.412
0.001860,-0.538
0.001870,-0.607
0.001880,-0.612
0.001890,-0.556
0.001900,-0.441
0.001910,-0.275
0.001920,-0.069
0.001930,0.163
0.001940,0.407
0.001950,0.648
0.001960,0.869
0.001970,1.056
0.001980,1.197
0.001990,1.284
0.002000,1.309
0.002010,1.272
0.002020,1.173
0.002030,1.020
0.002040,0.821
0.002050,0.588
0.002060,0.336
0.002070,0.080
0.002080,-0.165
0.002090,-0.383
0.002100,-0.560
0.002110,-0.687
0.002120,-0.756
0.002130,-0.762
0.002140,-0.706
0.002150,-0.591
0.002160,-0.425
0.002170,-0.220
0.002180,0.012
0.002190,0.256
0.002200,0.496
0.002210,0.717
0.002220,0.904
0.002230,1.045
0.002240,1.131
0.002250,1.156
0.002260,1.119
0.002270,1.020
0.002280,0.867
0.002290,0.667
0.002300,0.434
0.002310,0.182
0.002320,-0.075
0.002330,-0.319
0.002340,-0.537
0.002350,-0.715
0.002360,-0.842
0.002370,-0.911
0.002380,-0.917
0.002390,-0.861
0.002400,-0.746
0.002410,-0.581
0.002420,-0.376
0.002430,-0.143
0.002440,0.100
0.002450,0.340
0.002460,0.561
0.002470,0.748
0.002480,0.889
0.002490,0.975
0.002500,1.000
0.002510,0.962
0.002520,0.864
0.002530,0.710
0.002540,0.511
0.002550,0.278
0.002560,0.025
0.002570,-0.231
0.002580,-0.476
0.002590,-0.694
0.002600,-0.872
0.002610,-0.999
0.002620,-1.067
0.002630,-1.074
0.002640,-1.018
0.002650,-0.903
0.002660,-0.738
0.002670,-0.532
0.002680,-0.300
0.002690,-0.056
0.002700,0.184
0.002710,0.404
0.002720,0.591
0.002730,0.732
0.002740,0.818
0.002750,0.844
0.002760,0.806
0.002770,0.707
0.002780,0.554
0.002790,0.355
0.002800,0.122
0.002810,-0.131
0.002820,-0.387
0.002830,-0.632
0.002840,-0.849
0.002850,-1.027
0.002860,-1.154
0.002870,-1.223
0.002880,-1.229
0.002890,-1.172
0.002900,-1.058
0.002910,-0.892
0.002920,-0.687
0.002930,-0.454
0.002940,-0.210
0.002950,0.030
0.002960,0.251
0.002970,0.438
0.002980,0.579
0.002990,0.666
0.003000,0.691
0.003010,0.654
0.003020,0.555
0.003030,0.402
0.003040,0.203
0.003050,-0.030
0.003060,-0.282
0.003070,-0.538
0.003080,-0.782
0.003090,-1.000
0.003100,-1.177
0.003110,-1.304
0.003120,-1.372
0.003130,-1.378
0.003140,-1.321
0.003150,-1.206
0.003160,-1.040
0.003170,-0.834
0.003180,-0.602
0.003190,-0.357
0.003200,-0.117
0.003210,0.104
0.003220,0.292
0.003230,0.434
0.003240,0.520
0.003250,0.546
0.003260,0.509
0.003270,0.411
0.003280,0.258
0.003290,0.060
0.003300,-0.173
0.003310,-0.424
0.003320,-0.680
0.003330,-0.924
0.003340,-1.141
0.003350,-1.318
0.003360,-1.444
0.003370,-1.512
0.003380,-1.517
0.003390,-1.460
0.003400,-1.345
0.003410,-1.179
0.003420,-0.972
0.003430,-0.739
0.003440,-0.494
0.003450,-0.253
0.003460,-0.031
0.003470,0.157
0.003480,0.299
0.003490,0.386
0.003500,0.412
0.003510,0.376
0.003520,0.278
0.003530,0.126
0.003540,-0.072
0.003550,-0.304
0.003560,-0.555
0.003570,-0.810
0.003580,-1.053
0.003590,-1.270
0.003600,-1.446
0.003610,-1.572
0.003620,-1.639
0.003630,-1.644
0.003640,-1.586
0.003650,-1.470
0.003660,-1.303
0.003670,-1.096
0.003680,-0.863
0.003690,-0.617
0.003700,-0.376
0.003710,-0.153
0.003720,0.035
0.003730,0.178
0.003740,0.266
0.003750,0.293
0.003760,0.257
0.003770,0.160
0.003780,0.009
0.003790,-0.189
0.003800,-0.420
0.003810,-0.670
0.003820,-0.925
0.003830,-1.168
0.003840,-1.383
0.003850,-1.559
0.003860,-1.684
0.003870,-1.750
0.003880,-1.755
0.003890,-1.696
0.003900,-1.580
0.003910,-1.412
0.003920,-1.204
0.003930,-0.970
0.003940,-0.723
0.003950,-0.481
0.003960,-0.258
0.003970,-0.069
0.003980,0.075
0.003990,0.163
0.004000,0.191
0.004010,0.156
0.004020,0.060
0.004030,-0.091
0.004040,-0.288
0.004050,-0.518
0.004060,-0.768
0.004070,-1.021
0.004080,-1.263
0.004090,-1.478
0.004100,-1.653
0.004110,-1.777
0.004120,-1.843
0.004130,-1.846
0.004140,-1.787
0.004150,-1.670
0.004160,-1.501
0.004170,-1.293
0.004180,-1.058
0.004190,-0.810
0.004200,-0.567
0.004210,-0.343
0.004220,-0.153
0.004230,-0.009
0.004240,0.080
0.004250,0.109
0.004260,0.075
0.004270,-0.020
0.004280,-0.170
0.004290,-0.366
0.004300,-0.596
0.004310,-0.845
0.004320,-1.097
0.004330,-1.338
0.004340,-1.553
0.004350,-1.727
0.004360,-1.850
0.004370,-1.915
0.004380,-1.917
0.004390,-1.857
0.004400,-1.739
0.004410,-1.569
0.004420,-1.360
0.004430,-1.124
0.004440,-0.876
0.004450,-0.632
0.004460,-0.407
0.004470,-0.216
0.004480,-0.071
0.004490,0.019
0.004500,0.049
0.004510,0.016
0.004520,-0.079
0.004530,-0.228
0.004540,-0.423
0.004550,-0.651
0.004560,-0.899
0.004570,-1.151
0.004580,-1.391
0.004590,-1.604
0.004600,-1.778
0.004610,-1.900
0.004620,-1.964
0.004630,-1.965
0.004640,-1.904
0.004650,-1.785
0.004660,-1.615
0.004670,-1.404
0.004680,-1.167
0.004690,-0.918
0.004700,-0.673
0.004710,-0.448
0.004720,-0.256
0.004730,-0.109
0.004740,-0.018
0.004750,0.012
0.004760,-0.020
0.004770,-0.113
0.004780,-0.261
0.004790,-0.455
0.004800,-0.683
0.004810,-0.930
0.004820,-1.181
0.004830,-1.420
0.004840,-1.632
0.004850,-1.805
0.004860,-1.926
0.004870,-1.989
0.004880,-1.989
0.004890,-1.927
0.004900,-1.807
0.004910,-1.636
0.004920,-1.425
0.004930,-1.186
0.004940,-0.936
0.004950,-0.690
0.004960,-0.464
0.004970,-0.271
0.004980,-0.124
0.004990,-0.031
0.005000,0.000
0.005010,-0.031
0.005020,-0.124
0.005030,-0.271
0.005040,-0.464
0.005050,-0.690
0.005060,-0.936
0.005070,-1.186
0.005080,-1.425
0.005090,-1.636
0.005100,-1.807
0.005110,-1.927
0.005120,-1.989
0.005130,-1.989
0.005140,-1.926
0.005150,-1.805
0.005160,-1.632
0.005170,-1.420
0.005180,-1.181
0.005190,-0.930
0.005200,-0.683
0.005210,-0.455
0.005220,-0.261
0.005230,-0.113
0.005240,-0.020
0.005250,0.012
0.005260,-0.018
0.005270,-0.109
0.005280,-0.256
0.005290,-0.448
0.005300,-0.673
0.005310,-0.918
0.005320,-1.167
0.005330,-1.404
0.005340,-1.615
0.005350,-1.785
0.005360,-1.904
0.005370,-1.965
0.005380,-1.964
0.005390,-1.900
0.005400,-1.778
0.005410,-1.604
0.005420,-1.391
0.005430,-1.151
0.005440,-0.899
0.005450,-0.651
0.005460,-0.423
0.005470,-0.228
0.005480,-0.079
0.005490,0.016
0.005500,0.049
0.005510,0.019
0.005520,-0.071
0.005530,-0.216
0.005540,-0.407
0.005550,-0.632
0.005560,-0.876
0.005570,-1.124
0.005580,-1.360
0.005590,-1.569
0.005600,-1.739
0.005610,-1.857
0.005620,-1.917
0.005630,-1.915
0.005640,-1.850
0.005650,-1.727
0.005660,-1.553
0.005670,-1.338
0.005680,-1.097
0.005690,-0.845
0.005700,-0.596
0.005710,-0.366
0.005720,-0.170
0.005730,-0.020
0.005740,0.075
0.005750,0.109
0.005760,0.080
0.005770,-0.009
0.005780,-0.153
0.005790,-0.343
0.005800,-0.567
0.005810,-0.810
0.005820,-1.058
0.005830,-1.293
0.005840,-1.501
0.005850,-1.670
0.005860,-1.787
0.005870,-1.846
0.005880,-1.843
0.005890,-1.777
0.005900,-1.653
0.005910,-1.478
0.005920,-1.263
0.005930,-1.021
0.005940,-0.768
0.005950,-0.518
0.005960,-0.288
0.005970,-0.091
0.005980,0.060
0.005990,0.156
0.006000,0.191
0.006010,0.163
0.006020,0.075
0.006030,-0.069
0.006040,-0.258
0.006050,-0.481
0.006060,-0.723
0.006070,-0.970
0.006080,-1.204
0.006090,-1.412
0.006100,-1.580
0.006110,-1.696
0.006120,-1.755
0.006130,-1.750
0.006140,-1.684
0.006150,-1.559
0.006160,-1.383
0.006170,-1.168
0.006180,-0.925
0.006190,-0.670
0.006200,-0.420
0.006210,-0.189
0.006220,0.009
0.006230,0.160
0.006240,0.257
0.006250,0.293
0.006260,0.266
0.006270,0.178
0.006280,0.035
0.006290,-0.153
0.006300,-0.376
0.006310,-0.617
0.006320,-0.863
0.006330,-1.096
0.006340,-1.303
0.006350,-1.470
0.006360,-1.586
0.006370,-1.644
0.006380,-1.639
0.006390,-1.572
0.006400,-1.446
0.006410,-1.270
0.006420,-1.053
0.006430,-0.810
0.006440,-0.555
0.006450,-0.304
0.006460,-0.072
0.006470,0.126
0.006480,0.278
0.006490,0.376
0.006500,0.412
0.006510,0.386
0.006520,0.299
0.006530,0.157
0.006540,-0.031
0.006550,-0.253
0.006560,-0.494
0.006570,-0.739
0.006580,-0.972
0.006590,-1.179
0.006600,-1.345
0.006610,-1.460
0.006620,-1.517
0.006630,-1.512
0.006640,-1.444
0.006650,-1.318
0.006660,-1.141
0.006670,-0.924
0.006680,-0.680
0.006690,-0.424
0.006700,-0.173
0.006710,0.060
0.006720,0.258
0.006730,0.411
0.006740,0.509
0.006750,0.546
0.006760,0.520
0.006770,0.434
0.006780,0.292
0.006790,0.104
0.006800,-0.117
0.006810,-0.357
0.006820,-0.602
0.006830,-0.834
0.006840,-1.040
0.006850,-1.206
0.006860,-1.321
0.006870,-1.378
0.006880,-1.372
0.006890,-1.304
0.006900,-1.177
0.006910,-1.000
0.006920,-0.782
0.006930,-0.538
0.006940,-0.282
0.006950,-0.030
0.006960,0.203
0.006970,0.402
0.006980,0.555
0.006990,0.654
0.007000,0.691
0.007010,0.666
0.007020,0.579
0.007030,0.438
0.007040,0.251
0.007050,0.030
0.007060,-0.210
0.007070,-0.454
0.007080,-0.687
0.007090,-0.892
0.007100,-1.058
0.007110,-1.172
0.007120,-1.229
0.007130,-1.223
0.007140,-1.154
0.007150,-1.027
0.007160,-0.849
0.007170,-0.632
0.007180,-0.387
0.007190,-0.131
0.007200,0.122
0.007210,0.355
0.007220,0.554
0.007230,0.707
0.007240,0.806
0.007250,0.844
0.007260,0.818
0.007270,0.732
0.007280,0.591
0.007290,0.404
0.007300,0.184
0.007310,-0.056
0.007320,-0.300
0.007330,-0.532
0.007340,-0.738
0.007350,-0.903
0.007360,-1.018
0.007370,-1.074
0.007380,-1.067
0.007390,-0.999
0.007400,-0.872
0.007410,-0.694
0.007420,-0.476
0.007430,-0.231
0.007440,0.025
0.007450,0.278
0.007460,0.511
0.007470,0.710
0.007480,0.864
0.007490,0.962
0.007500,1.000
0.007510,0.975
0.007520,0.889
0.007530,0.748
0.007540,0.561
0.007550,0.340
0.007560,0.100
0.007570,-0.143
0.007580,-0.376
0.007590,-0.581
0.007600,-0.746
0.007610,-0.861
0.007620,-0.917
0.007630,-0.911
0.007640,-0.842
0.007650,-0.715
0.007660,-0.537
0.007670,-0.319
0.007680,-0.075
0.007690,0.182
0.007700,0.434
0.007710,0.667
0.007720,0.867
0.007730,1.020
0.007740,1.119
0.007750,1.156
0.007760,1.131
0.007770,1.045
0.007780,0.904
0.007790,0.717
0.007800,0.496
0.007810,0.256
0.007820,0.012
0.007830,-0.220
0.007840,-0.425
0.007850,-0.591
0.007860,-0.706
0.007870,-0.762
0.007880,-0.756
0.007890,-0.687
0.007900,-0.560
0.007910,-0.383
0.007920,-0.165
0.007930,0.080
0.007940,0.336
0.007950,0.588
0.007960,0.821
0.007970,1.020
0.007980,1.173
0.007990,1.272
0.008000,1.309
0.008010,1.284
0.008020,1.197
0.008030,1.056
0.008040,0.869
0.008050,0.648
0.008060,0.407
0.008070,0.163
0.008080,-0.069
0.008090,-0.275
0.008100,-0.441
0.008110,-0.556
0.008120,-0.612
0.008130,-0.607
0.008140,-0.538
0.008150,-0.412
0.008160,-0.235
0.008170,-0.017
0.008180,0.227
0.008190,0.483
0.008200,0.735
0.008210,0.967
0.008220,1.166
0.008230,1.319
0.008240,1.417
0.008250,1.454
0.008260,1.428
0.008270,1.341
0.008280,1.200
0.008290,1.012
0.008300,0.791
0.008310,0.550
0.008320,0.305
0.008330,0.072
0.008340,-0.134
0.008350,-0.300
0.008360,-0.415
0.008370,-0.472
0.008380,-0.467
0.008390,-0.399
0.008400,-0.273
0.008410,-0.096
0.008420,0.121
0.008430,0.364
0.008440,0.620
0.008450,0.871
0.008460,1.103
0.008470,1.301
0.008480,1.454
0.008490,1.551
0.008500,1.588
0.008510,1.561
0.008520,1.474
0.008530,1.332
0.008540,1.144
0.008550,0.922
0.008560,0.681
0.008570,0.435
0.008580,0.202
0.008590,-0.005
0.008600,-0.172
0.008610,-0.288
0.008620,-0.345
0.008630,-0.340
0.008640,-0.273
0.008650,-0.148
0.008660,0.029
0.008670,0.245
0.008680,0.488
0.008690,0.743
0.008700,0.994
0.008710,1.225
0.008720,1.423
0.008730,1.574
0.008740,1.671
0.008750,1.707
0.008760,1.680
0.008770,1.592
0.008780,1.449
0.008790,1.260
0.008800,1.038
0.008810,0.796
0.008820,0.550
0.008830,0.316
0.008840,0.109
0.008850,-0.059
0.008860,-0.176
0.008870,-0.234
0.008880,-0.230
0.008890,-0.163
0.008900,-0.039
0.008910,0.137
0.008920,0.353
0.008930,0.595
0.008940,0.849
0.008950,1.099
0.008960,1.330
0.008970,1.527
0.008980,1.678
0.008990,1.774
0.009000,1.809
0.009010,1.781
0.009020,1.693
0.009030,1.549
0.009040,1.359
0.009050,1.136
0.009060,0.893
0.009070,0.647
0.009080,0.412
0.009090,0.204
0.009100,0.035
0.009110,-0.082
0.009120,-0.141
0.009130,-0.138
0.009140,-0.072
0.009150,0.052
0.009160,0.226
0.009170,0.441
0.009180,0.683
0.009190,0.936
0.009200,1.185
0.009210,1.415
0.009220,1.611
0.009230,1.762
0.009240,1.857
0.009250,1.891
0.009260,1.862
0.009270,1.773
0.009280,1.628
0.009290,1.438
0.009300,1.214
0.009310,0.970
0.009320,0.723
0.009330,0.487
0.009340,0.278
0.009350,0.109
0.009360,-0.010
0.009370,-0.069
0.009380,-0.067
0.009390,-0.002
0.009400,0.121
0.009410,0.295
0.009420,0.509
0.009430,0.749
0.009440,1.002
0.009450,1.250
0.009460,1.479
0.009470,1.674
0.009480,1.823
0.009490,1.918
0.009500,1.951
0.009510,1.922
0.009520,1.831
0.009530,1.686
0.009540,1.494
0.009550,1.269
0.009560,1.025
0.009570,0.776
0.009580,0.540
0.009590,0.330
0.009600,0.160
0.009610,0.040
0.009620,-0.020
0.009630,-0.019
0.009640,0.045
0.009650,0.167
0.009660,0.340
0.009670,0.553
0.009680,0.792
0.009690,1.044
0.009700,1.291
0.009710,1.519
0.009720,1.714
0.009730,1.862
0.009740,1.955
0.009750,1.988
0.009760,1.957
0.009770,1.866
0.009780,1.719
0.009790,1.527
0.009800,1.301
0.009810,1.056
0.009820,0.806
0.009830,0.569
0.009840,0.358
0.009850,0.187
0.009860,0.066
0.009870,0.005
0.009880,0.005
0.009890,0.068
0.009900,0.189
0.009910,0.361
0.009920,0.573
0.009930,0.812
0.009940,1.062
0.009950,1.309
0.009960,1.536
0.009970,1.729
0.009980,1.876
0.009990,1.969
0.010000,2.000
0.010010,1.969
0.010020,1.876
0.010030,1.729
0.010040,1.536
0.010050,1.309
0.010060,1.062
0.010070,0.812
0.010080,0.573
0.010090,0.361
0.010100,0.189
0.010110,0.068
0.010120,0.005
0.010130,0.005
0.010140,0.066
0.010150,0.187
0.010160,0.358
0.010170,0.569
0.010180,0.806
0.010190,1.056
0.010200,1.301
0.010210,1.527
0.010220,1.719
0.010230,1.866
0.010240,1.957
0.010250,1.988
0.010260,1.955
0.010270,1.862
0.010280,1.714
0.010290,1.519
0.010300,1.291
0.010310,1.044
0.010320,0.792
0.010330,0.553
0.010340,0.340
0.010350,0.167
0.010360,0.045
0.010370,-0.019
0.010380,-0.020
0.010390,0.040
0.010400,0.160
0.010410,0.330
0.010420,0.540
0.010430,0.776
0.010440,1.025
0.010450,1.269
0.010460,1.494
0.010470,1.686
0.010480,1.831
0.010490,1.922
0.010500,1.951
0.010510,1.918
0.010520,1.823
0.010530,1.674
0.010540,1.479
0.010550,1.250
0.010560,1.002
0.010570,0.749
0.010580,0.509
0.010590,0.295
0.010600,0.121
0.010610,-0.002
0.010620,-0.067
0.010630,-0.069
0.010640,-0.010
0.010650,0.109
0.010660,0.278
0.010670,0.487
0.010680,0.723
0.010690,0.970
0.010700,1.214
0.010710,1.438
0.010720,1.628
0.010730,1.773
0.010740,1.862
0.010750,1.891
0.010760,1.857
0.010770,1.762
0.010780,1.611
0.010790,1.415
0.010800,1.185
0.010810,0.936
0.010820,0.683
0.010830,0.441
0.010840,0.226
0.010850,0.052
0.010860,-0.072
0.010870,-0.138
0.010880,-0.141
0.010890,-0.082
0.010900,0.035
0.010910,0.204
0.010920,0.412
0.010930,0.647
0.010940,0.893
0.010950,1.136
0.010960,1.359
0.010970,1.549
0.010980,1.693
0.010990,1.781
0.011000,1.809
0.011010,1.774
0.011020,1.678
0.011030,1.527
0.011040,1.330
0.011050,1.099
0.011060,0.849
0.011070,0.595
0.011080,0.353
0.011090,0.137
0.011100,-0.039
0.011110,-0.163
0.011120,-0.230
0.011130,-0.234
0.011140,-0.176
0.011150,-0.059
0.011160,0.109
0.011170,0.316
0.011180,0.550
0.011190,0.796
0.011200,1.038
0.011210,1.260
0.011220,1.449
0.011230,1.592
0.011240,1.680
0.011250,1.707
0.011260,1.671
0.011270,1.574
0.011280,1.423
0.011290,1.225
0.011300,0.994
0.011310,0.743
0.011320,0.488
0.011330,0.245
0.011340,0.029
0.011350,-0.148
0.011360,-0.273
0.011370,-0.340
0.011380,-0.345
0.011390,-0.288
0.011400,-0.172
0.011410,-0.005
0.011420,0.202
0.011430,0.435
0.011440,0.681
0.011450,0.922
0.011460,1.144
0.011470,1.332
0.011480,1.474
0.011490,1.561
0.011500,1.588
0.011510,1.551
0.011520,1.454
0.011530,1.301
0.011540,1.103
0.011550,0.871
0.011560,0.620
0.011570,0.364
0.011580,0.121
0.011590,-0.096
0.011600,-0.273
0.011610,-0.399
0.011620,-0.467
0.011630,-0.472
0.011640,-0.415
0.011650,-0.300
0.011660,-0.134
0.011670,0.072
0.011680,0.305
0.011690,0.550
0.011700,0.791
0.011710,1.012
0.011720,1.200
0.011730,1.341
0.011740,1.428
0.011750,1.454
0.011760,1.417
0.011770,1.319
0.011780,1.166
0.011790,0.967
0.011800,0.735
0.011810,0.483
0.011820,0.227
0.011830,-0.017
0.011840,-0.235
0.011850,-0.412
0.011860,-0.538
0.011870,-0.607
0.011880,-0.612
0.011890,-0.556
0.011900,-0.441
0.011910,-0.275
0.011920,-0.069
0.011930,0.163
0.011940,0.407
0.011950,0.648
0.011960,0.869
0.011970,1.056
0.011980,1.197
0.011990,1.284
0.012000,1.309
0.012010,1.272
0.012020,1.173
0.012030,1.020
0.012040,0.821
0.012050,0.588
0.012060,0.336
0.012070,0.080
0.012080,-0.165
0.012090,-0.383
0.012100,-0.560
0.012110,-0.687
0.012120,-0.756
0.012130,-0.762
0.012140,-0.706
0.012150,-0.591
0.012160,-0.425
0.012170,-0.220
0.012180,0.012
0.012190,0.256
0.012200,0.496
0.012210,0.717
0.012220,0.904
0.012230,1.045
0.012240,1.131
0.012250,1.156
0.012260,1.119
0.012270,1.020
0.012280,0.867
0.012290,0.667
0.012300,0.434
0.012310,0.182
0.012320,-0.075
0.012330,-0.319
0.012340,-0.537
0.012350,-0.715
0.012360,-0.842
0.012370,-0.911
0.012380,-0.917
0.012390,-0.861
0.012400,-0.746
0.012410,-0.581
0.012420,-0.376
0.012430,-0.143
0.012440,0.100
0.012450,0.340
0.012460,0.561
0.012470,0.748
0.012480,0.889
0.012490,0.975
0.012500,1.000
0.012510,0.962
0.012520,0.864
0.012530,0.710
0.012540,0.511
0.012550,0.278
0.012560,0.025
0.012570,-0.231
0.012580,-0.476
0.012590,-0.694
0.012600,-0.872
0.012610,-0.999
0.012620,-1.067
0.012630,-1.074
0.012640,-1.018
0.012650,-0.903
0.012660,-0.738
0.012670,-0.532
0.012680,-0.300
0.012690,-0.056
0.012700,0.184
0.012710,0.404
0.012720,0.591
0.012730,0.732
0.012740,0.818
0.012750,0.844
0.012760,0.806
0.012770,0.707
0.012780,0.554
0.012790,0.355
0.012800,0.122
0.012810,-0.131
0.012820,-0.387
0.012830,-0.632
0.012840,-0.849
0.012850,-1.027
0.012860,-1.154
0.012870,-1.223
0.012880,-1.229
0.012890,-1.172
0.012900,-1.058
0.012910,-0.892
0.012920,-0.687
0.012930,-0.454
0.012940,-0.210
0.012950,0.030
0.012960,0.251
0.012970,0.438
0.012980,0.579
0.012990,0.666
0.013000,0.691
0.013010,0.654
0.013020,0.555
0.013030,0.402
0.013040,0.203
0.013050,-0.030
0.013060,-0.282
0.013070,-0.538
0.013080,-0.782
0.013090,-1.000
0.013100,-1.177
0.013110,-1.304
0.013120,-1.372
0.013130,-1.378
0.013140,-1.321
0.013150,-1.206
0.013160,-1.040
0.013170,-0.834
0.013180,-0.602
0.013190,-0.357
0.013200,-0.117
0.013210,0.104
0.013220,0.292
0.013230,0.434
0.013240,0.520
0.013250,0.546
0.013260,0.509
0.013270,0.411
0.013280,0.258
0.013290,0.060
0.013300,-0.173
0.013310,-0.424
0.013320,-0.680
0.013330,-0.924
0.013340,-1.141
0.013350,-1.318
0.013360,-1.444
0.013370,-1.512
0.013380,-1.517
0.013390,-1.460
0.013400,-1.345
0.013410,-1.179
0.013420,-0.972
0.013430,-0.739
0.013440,-0.494
0.013450,-0.253
0.013460,-0.031
0.013470,0.157
0.013480,0.299
0.013490,0.386
0.013500,0.412
0.013510,0.376
0.013520,0.278
0.013530,0.126
0.013540,-0.072
0.013550,-0.304
0.013560,-0.555
0.013570,-0.810
0.013580,-1.053
0.013590,-1.270
0.013600,-1.446
0.013610,-1.572
0.013620,-1.639
0.013630,-1.644
0.013640,-1.586
0.013650,-1.470
0.013660,-1.303
0.013670,-1.096
0.013680,-0.863
0.013690,-0.617
0.013700,-0.376
0.013710,-0.153
0.013720,0.035
0.013730,0.178
0.013740,0.266
0.013750,0.293
0.013760,0.257
0.013770,0.160
0.013780,0.009
0.013790,-0.189
0.013800,-0.420
0.013810,-0.670
0.013820,-0.925
0.013830,-1.168
0.013840,-1.383
0.013850,-1.559
0.013860,-1.684
0.013870,-1.750
0.013880,-1.755
0.013890,-1.696
0.013900,-1.580
0.013910,-1.412
0.013920,-1.204
0.013930,-0.970
0.013940,-0.723
0.013950,-0.481
0.013960,-0.258
0.013970,-0.069
0.013980,0.075
0.013990,0.163
0.014000,0.191
0.014010,0.156
0.014020,0.060
0.014030,-0.091
0.014040,-0.288
0.014050,-0.518
0.014060,-0.768
0.014070,-1.021
0.014080,-1.263
0.014090,-1.478
0.014100,-1.653
0.014110,-1.777
0.014120,-1.843
0.014130,-1.846
0.014140,-1.787
0.014150,-1.670
0.014160,-1.501
0.014170,-1.293
0.014180,-1.058
0.014190,-0.810
0.014200,-0.567
0.014210,-0.343
0.014220,-0.153
0.014230,-0.009
0.014240,0.080
0.014250,0.109
0.014260,0.075
0.014270,-0.020
0.014280,-0.170
0.014290,-0.366
0.014300,-0.596
0.014310,-0.845
0.014320,-1.097
0.014330,-1.338
0.014340,-1.553
0.014350,-1.727
0.014360,-1.850
0.014370,-1.915
0.014380,-1.917
0.014390,-1.857
0.014400,-1.739
0.014410,-1.569
0.014420,-1.360
0.014430,-1.124
0.014440,-0.876
0.014450,-0.632
0.014460,-0.407
0.014470,-0.216
0.014480,-0.071
0.014490,0.019
0.014500,0.049
0.014510,0.016
0.014520,-0.079
0.014530,-0.228
0.014540,-0.423
0.014550,-0.651
0.014560,-0.899
0.014570,-1.151
0.014580,-1.391
0.014590,-1.604
0.014600,-1.778
0.014610,-1.900
0.014620,-1.964
0.014630,-1.965
0.014640,-1.904
0.014650,-1.785
0.014660,-1.615
0.014670,-1.404
0.014680,-1.167
0.014690,-0.918
0.014700,-0.673
0.014710,-0.448
0.014720,-0.256
0.014730,-0.109
0.014740,-0.018
0.014750,0.012
0.014760,-0.020
0.014770,-0.113
0.014780,-0.261
0.014790,-0.455
0.014800,-0.683
0.014810,-0.930
0.014820,-1.181
0.014830,-1.420
0.014840,-1.632
0.014850,-1.805
0.014860,-1.926
0.014870,-1.989
0.014880,-1.989
0.014890,-1.927
0.014900,-1.807
0.014910,-1.636
0.014920,-1.425
0.014930,-1.186
0.014940,-0.936
0.014950,-0.690
0.014960,-0.464
0.014970,-0.271
0.014980,-0.124
0.014990,-0.031
0.015000,0.000
0.015010,-0.031
0.015020,-0.124
0.015030,-0.271
0.015040,-0.464
0.015050,-0.690
0.015060,-0.936
0.015070,-1.186
0.015080,-1.425
0.015090,-1.636
0.015100,-1.807
0.015110,-1.927
0.015120,-1.989
0.015130,-1.989
0.015140,-1.926
0.015150,-1.805
0.015160,-1.632
0.015170,-1.420
0.015180,-1.181
0.015190,-0.930
0.015200,-0.683
0.015210,-0.455
0.015220,-0.261
0.015230,-0.113
0.015240,-0.020
0.015250,0.012
0.015260,-0.018
0.015270,-0.109
0.015280,-0.256
0.015290,-0.448
0.015300,-0.673
0.015310,-0.918
0.015320,-1.167
0.015330,-1.404
0.015340,-1.615
0.015350,-1.785
0.015360,-1.904
0.015370,-1.965
0.015380,-1.964
0.015390,-1.900
0.015400,-1.778
0.015410,-1.604
0.015420,-1.391
0.015430,-1.151
0.015440,-0.899
0.015450,-0.651
0.015460,-0.423
0.015470,-0.228
0.015480,-0.079
0.015490,0.016
0.015500,0.049
0.015510,0.019
0.015520,-0.071
0.015530,-0.216
0.015540,-0.407
0.015550,-0.632
0.015560,-0.876
0.015570,-1.124
0.015580,-1.360
0.015590,-1.569
0.015600,-1.739
0.015610,-1.857
0.015620,-1.917
0.015630,-1.915
0.015640,-1.850
0.015650,-1.727
0.015660,-1.553
0.015670,-1.338
0.015680,-1.097
0.015690,-0.845
0.015700,-0.596
0.015710,-0.366
0.015720,-0.170
0.015730,-0.020
0.015740,0.075
0.015750,0.109
0.015760,0.080
0.015770,-0.009
0.015780,-0.153
0.015790,-0.343
0.015800,-0.567
0.015810,-0.810
0.015820,-1.058
0.015830,-1.293
0.015840,-1.501
0.015850,-1.670
0.015860,-1.787
0.015870,-1.846
0.015880,-1.843
0.015890,-1.777
0.015900,-1.653
0.015910,-1.478
0.015920,-1.263
0.015930,-1.021
0.015940,-0.768
0.015950,-0.518
0.015960,-0.288
0.015970,-0.091
0.015980,0.060
0.015990,0.156
0.016000,0.191
0.016010,0.163
0.016020,0.075
0.016030,-0.069
0.016040,-0.258
0.016050,-0.481
0.016060,-0.723
0.016070,-0.970
0.016080,-1.204
0.016090,-1.412
0.016100,-1.580
0.016110,-1.696
0.016120,-1.755
0.016130,-1.750
0.016140,-1.684
0.016150,-1.559
0.016160,-1.383
0.016170,-1.168
0.016180,-0.925
0.016190,-0.670
0.016200,-0.420
0.016210,-0.189
0.016220,0.009
0.016230,0.160
0.016240,0.257
0.016250,0.293
0.016260,0.266
0.016270,0.178
0.016280,0.035
0.016290,-0.153
0.016300,-0.376
0.016310,-0.617
0.016320,-0.863
0.016330,-1.096
0.016340,-1.303
0.016350,-1.470
0.016360,-1.586
0.016370,-1.644
0.016380,-1.639
0.016390,-1.572
0.016400,-1.446
0.016410,-1.270
0.016420,-1.053
0.016430,-0.810
0.016440,-0.555
0.016450,-0.304
0.016460,-0.072
0.016470,0.126
0.016480,0.278
0.016490,0.376
0.016500,0.412
0.016510,0.386
0.016520,0.299
0.016530,0.157
0.016540,-0.031
0.016550,-0.253
0.016560,-0.494
0.016570,-0.739
0.016580,-0.972
0.016590,-1.179
0.016600,-1.345
0.016610,-1.460
0.016620,-1.517
0.016630,-1.512
0.016640,-1.444
0.016650,-1.318
0.016660,-1.141
0.016670,-0.924
0.016680,-0.680
0.016690,-0.424
0.016700,-0.173
0.016710,0.060
0.016720,0.258
0.016730,0.411
0.016740,0.509
0.016750,0.546
0.016760,0.520
0.016770,0.434
0.016780,0.292
0.016790,0.104
0.016800,-0.117
0.016810,-0.357
0.016820,-0.602
0.016830,-0.834
0.016840,-1.040
0.016850,-1.206
0.016860,-1.321
0.016870,-1.378
0.016880,-1.372
0.016890,-1.304
0.016900,-1.177
0.016910,-1.000
0.016920,-0.782
0.016930,-0.538
0.016940,-0.282
0.016950,-0.030
0.016960,0.203
0.016970,0.402
0.016980,0.555
0.016990,0.654
0.017000,0.691
0.017010,0.666
0.017020,0.579
0.017030,0.438
0.017040,0.251
0.017050,0.030
0.017060,-0.210
0.017070,-0.454
0.017080,-0.687
0.017090,-0.892
0.017100,-1.058
0.017110,-1.172
0.017120,-1.229
0.017130,-1.223
0.017140,-1.154
0.017150,-1.027
0.017160,-0.849
0.017170,-0.632
0.017180,-0.387
0.017190,-0.131
0.017200,0.122
0.017210,0.355
0.017220,0.554
0.017230,0.707
0.017240,0.806
0.017250,0.844
0.017260,0.818
0.017270,0.732
0.017280,0.591
0.017290,0.404
0.017300,0.184
0.017310,-0.056
0.017320,-0.300
0.017330,-0.532
0.017340,-0.738
0.017350,-0.903
0.017360,-1.018
0.017370,-1.074
0.017380,-1.067
0.017390,-0.999
0.017400,-0.872
0.017410,-0.694
0.017420,-0.476
0.017430,-0.231
0.017440,0.025
0.017450,0.278
0.017460,0.511
0.017470,0.710
0.017480,0.864
0.017490,0.962
0.017500,1.000
0.017510,0.975
0.017520,0.889
0.017530,0.748
0.017540,0.561
0.017550,0.340
0.017560,0.100
0.017570,-0.143
0.017580,-0.376
0.017590,-0.581
0.017600,-0.746
0.017610,-0.861
0.017620,-0.917
0.017630,-0.911
0.017640,-0.842
0.017650,-0.715
0.017660,-0.537
0.017670,-0.319
0.017680,-0.075
0.017690,0.182
0.017700,0.434
0.017710,0.667
0.017720,0.867
0.017730,1.020
0.017740,1.119
0.017750,1.156
0.017760,1.131
0.017770,1.045
0.017780,0.904
0.017790,0.717
0.017800,0.496
0.017810,0.256
0.017820,0.012
0.017830,-0.220
0.017840,-0.425
0.017850,-0.591
0.017860,-0.706
0.017870,-0.762
0.017880,-0.756
0.017890,-0.687
0.017900,-0.560
0.017910,-0.383
0.017920,-0.165
0.017930,0.080
0.017940,0.336
0.017950,0.588
0.017960,0.821
0.017970,1.020
0.017980,1.173
0.017990,1.272
0.018000,1.309
0.018010,1.284
0.018020,1.197
0.018030,1.056
0.018040,0.869
0.018050,0.648
0.018060,0.407
0.018070,0.163
0.018080,-0.069
0.018090,-0.275
0.018100,-0.441
0.018110,-0.556
0.018120,-0.612
0.018130,-0.607
0.018140,-0.538
0.018150,-0.412
0.018160,-0.235
0.018170,-0.017
0.018180,0.227
0.018190,0.483
0.018200,0.735
0.018210,0.967
0.018220,1.166
0.018230,1.319
0.018240,1.417
0.018250,1.454
0.018260,1.428
0.018270,1.341
0.018280,1.200
0.018290,1.012
0.018300,0.791
0.018310,0.550
0.018320,0.305
0.018330,0.072
0.018340,-0.134
0.018350,-0.300
0.018360,-0.415
0.018370,-0.472
0.018380,-0.467
0.018390,-0.399
0.018400,-0.273
0.018410,-0.096
0.018420,0.121
0.018430,0.364
0.018440,0.620
0.018450,0.871
0.018460,1.103
0.018470,1.301
0.018480,1.454
0.018490,1.551
0.018500,1.588
0.018510,1.561
0.018520,1.474
0.018530,1.332
0.018540,1.144
0.018550,0.922
0.018560,0.681
0.018570,0.435
0.018580,0.202
0.018590,-0.005
0.018600,-0.172
0.018610,-0.288
0.018620,-0.345
0.018630,-0.340
0.018640,-0.273
0.018650,-0.148
0.018660,0.029
0.018670,0.245
0.018680,0.488
0.018690,0.743
0.018700,0.994
0.018710,1.225
0.018720,1.423
0.018730,1.574
0.018740,1.671
0.018750,1.707
0.018760,1.680
0.018770,1.592
0.018780,1.449
0.018790,1.260
0.018800,1.038
0.018810,0.796
0.018820,0.550
0.018830,0.316
0.018840,0.109
0.018850,-0.059
0.018860,-0.176
0.018870,-0.234
0.018880,-0.230
0.018890,-0.163
0.018900,-0.039
0.018910,0.137
0.018920,0.353
0.018930,0.595
0.018940,0.849
0.018950,1.099
0.018960,1.330
0.018970,1.527
0.018980,1.678
0.018990,1.774
0.019000,1.809
0.019010,1.781
0.019020,1.693
0.019030,1.549
0.019040,1.359
0.019050,1.136
0.019060,0.893
0.019070,0.647
0.019080,0.412
0.019090,0.204
0.019100,0.035
0.019110,-0.082
0.019120,-0.141
0.019130,-0.138
0.019140,-0.072
0.019150,0.052
0.019160,0.226
0.019170,0.441
0.019180,0.683
0.019190,0.936
0.019200,1.185
0.019210,1.415
0.019220,1.611
0.019230,1.762
0.019240,1.857
0.019250,1.891
0.019260,1.862
0.019270,1.773
0.019280,1.628
0.019290,1.438
0.019300,1.214
0.019310,0.970
0.019320,0.723
0.019330,0.487
0.019340,0.278
0.019350,0.109
0.019360,-0.010
0.019370,-0.069
0.019380,-0.067
0.019390,-0.002
0.019400,0.121
0.019410,0.295
0.019420,0.509
0.019430,0.749
0.019440,1.002
0.019450,1.250
0.019460,1.479
0.019470,1.674
0.019480,1.823
0.019490,1.918
0.019500,1.951
0.019510,1.922
0.019520,1.831
0.019530,1.686
0.019540,1.494
0.019550,1.269
0.019560,1.025
0.019570,0.776
0.019580,0.540
0.019590,0.330
0.019600,0.160
0.019610,0.040
0.019620,-0.020
0.019630,-0.019
0.019640,0.045
0.019650,0.167
0.019660,0.340
0.019670,0.553
0.019680,0.792
0.019690,1.044
0.019700,1.291
0.019710,1.519
0.019720,1.714
0.019730,1.862
0.019740,1.955
0.019750,1.988
0.019760,1.957
0.019770,1.866
0.019780,1.719
0.019790,1.527
0.019800,1.301
0.019810,1.056
0.019820,0.806
0.019830,0.569
0.019840,0.358
0.019850,0.187
0.019860,0.066
0.019870,0.005
0.019880,0.005
0.019890,0.068
0.019900,0.189
0.019910,0.361
0.019920,0.573
0.019930,0.812
0.019940,1.062
0.019950,1.309
0.019960,1.536
0.019970,1.729
0.019980,1.876
0.019990,1.969
0.020000,2.000
0.020010,1.969
0.020020,1.876
0.020030,1.729
0.020040,1.536
0.020050,1.309
0.020060,1.062
0.020070,0.812
0.020080,0.573
0.020090,0.361
0.020100,0.189
0.020110,0.068
0.020120,0.005
0.020130,0.005
0.020140,0.066
0.020150,0.187
0.020160,0.358
0.020170,0.569
0.020180,0.806
0.020190,1.056
0.020200,1.301
0.020210,1.527
0.020220,1.719
0.020230,1.866
0.020240,1.957
0.020250,1.988
0.020260,1.955
0.020270,1.862
0.020280,1.714
0.020290,1.519
0.020300,1.291
0.020310,1.044
0.020320,0.792
0.020330,0.553
0.020340,0.340
0.020350,0.167
0.020360,0.045
0.020370,-0.019
0.020380,-0.020
0.020390,0.040
0.020400,0.160
0.020410,0.330
0.020420,0.540
0.020430,0.776
0.020440,1.025
0.020450,1.269
0.020460,1.494
0.020470,1.686
0.020480,1.831
0.020490,1.922
0.020500,1.951
0.020510,1.918
0.020520,1.823
0.020530,1.674
0.020540,1.479
0.020550,1.250
0.020560,1.002
0.020570,0.749
0.020580,0.509
0.020590,0.295
0.020600,0.121
0.020610,-0.002
0.020620,-0.067
0.020630,-0.069
0.020640,-0.010
0.020650,0.109
0.020660,0.278
0.020670,0.487
0.020680,0.723
0.020690,0.970
0.020700,1.214
0.020710,1.438
0.020720,1.628
0.020730,1.773
0.020740,1.862
0.020750,1.891
0.020760,1.857
0.020770,1.762
0.020780,1.611
0.020790,1.415
0.020800,1.185
0.020810,0.936
0.020820,0.683
0.020830,0.441
0.020840,0.226
0.020850,0.052
0.020860,-0.072
0.020870,-0.138
0.020880,-0.141
0.020890,-0.082
0.020900,0.035
0.020910,0.204
0.020920,0.412
0.020930,0.647
0.020940,0.893
0.020950,1.136
0.020960,1.359
0.020970,1.549
0.020980,1.693
0.020990,1.781
0.021000,1.809
0.021010,1.774
0.021020,1.678
0.021030,1.527
0.021040,1.330
0.021050,1.099
0.021060,0.849
0.021070,0.595
0.021080,0.353
0.021090,0.137
0.021100,-0.039
0.021110,-0.163
0.021120,-0.230
0.021130,-0.234
0.021140,-0.176
0.021150,-0.059
0.021160,0.109
0.021170,0.316
0.021180,0.550
0.021190,0.796
0.021200,1.038
0.021210,1.260
0.021220,1.449
0.021230,1.592
0.021240,1.680
0.021250,1.707
0.021260,1.671
0.021270,1.574
0.021280,1.423
0.021290,1.225
0.021300,0.994
0.021310,0.743
0.021320,0.488
0.021330,0.245
0.021340,0.029
0.021350,-0.148
0.021360,-0.273
0.021370,-0.340
0.021380,-0.345
0.021390,-0.288
0.021400,-0.172
0.021410,-0.005
0.021420,0.202
0.021430,0.435
0.021440,0.681
0.021450,0.922
0.021460,1.144
0.021470,1.332
0.021480,1.474
0.021490,1.561
0.021500,1.588
0.021510,1.551
0.021520,1.454
0.021530,1.301
0.021540,1.103
0.021550,0.871
0.021560,0.620
0.021570,0.364
0.021580,0.121
0.021590,-0.096
0.021600,-0.273
0.021610,-0.399
0.021620,-0.467
0.021630,-0.472
0.021640,-0.415
0.021650,-0.300
0.021660,-0.134
0.021670,0.072
0.021680,0.305
0.021690,0.550
0.021700,0.791
0.021710,1.012
0.021720,1.200
0.021730,1.341
0.021740,1.428
0.021750,1.454
0.021760,1.417
0.021770,1.319
0.021780,1.166
0.021790,0.967
0.021800,0.735
0.021810,0.483
0.021820,0.227
0.021830,-0.017
0.021840,-0.235
0.021850,-0.412
0.021860,-0.538
0.021870,-0.607
0.021880,-0.612
0.021890,-0.556
0.021900,-0.441
0.021910,-0.275
0.021920,-0.069
0.021930,0.163
0.021940,0.407
0.021950,0.648
0.021960,0.869
0.021970,1.056
0.021980,1.197
0.021990,1.284
0.022000,1.309
0.022010,1.272
0.022020,1.173
0.022030,1.020
0.022040,0.821
0.022050,0.588
0.022060,0.336
0.022070,0.080
0.022080,-0.165
0.022090,-0.383
0.022100,-0.560
0.022110,-0.687
0.022120,-0.756
0.022130,-0.762
0.022140,-0.706
0.022150,-0.591
0.022160,-0.425
0.022170,-0.220
0.022180,0.012
0.022190,0.256
0.022200,0.496
0.022210,0.717
0.022220,0.904
0.022230,1.045
0.022240,1.131
0.022250,1.156
0.022260,1.119
0.022270,1.020
0.022280,0.867
0.022290,0.667
0.022300,0.434
0.022310,0.182
0.022320,-0.075
0.022330,-0.319
0.022340,-0.537
0.022350,-0.715
0.022360,-0.842
0.022370,-0.911
0.022380,-0.917
0.022390,-0.861
0.022400,-0.746
0.022410,-0.581
0.022420,-0.376
0.022430,-0.143
0.022440,0.100
0.022450,0.340
0.022460,0.561
0.022470,0.748
0.022480,0.889
0.022490,0.975
0.022500,1.000
0.022510,0.962
0.022520,0.864
0.022530,0.710
0.022540,0.511
0.022550,0.278
0.022560,0.025
0.022570,-0.231
0.022580,-0.476
0.022590,-0.694
0.022600,-0.872
0.022610,-0.999
0.022620,-1.067
0.022630,-1.074
0.022640,-1.018
0.022650,-0.903
0.022660,-0.738
0.022670,-0.532
0.022680,-0.300
0.022690,-0.056
0.022700,0.184
0.022710,0.404
0.022720,0.591
0.022730,0.732
0.022740,0.818
0.022750,0.844
0.022760,0.806
0.022770,0.707
0.022780,0.554
0.022790,0.355
0.022800,0.122
0.022810,-0.131
0.022820,-0.387
0.022830,-0.632
0.022840,-0.849
0.022850,-1.027
0.022860,-1.154
0.022870,-1.223
0.022880,-1.229
0.022890,-1.172
0.022900,-1.058
0.022910,-0.892
0.022920,-0.687
0.022930,-0.454
0.022940,-0.210
0.022950,0.030
0.022960,0.251
0.022970,0.438
0.022980,0.579
0.022990,0.666
0.023000,0.691
0.023010,0.654
0.023020,0.555
0.023030,0.402
0.023040,0.203
0.023050,-0.030
0.023060,-0.282
0.023070,-0.538
0.023080,-0.782
0.023090,-1.000
0.023100,-1.177
0.023110,-1.304
0.023120,-1.372
0.023130,-1.378
0.023140,-1.321
0.023150,-1.206
0.023160,-1.040
0.023170,-0.834
0.023180,-0.602
0.023190,-0.357
0.023200,-0.117
0.023210,0.104
0.023220,0.292
0.023230,0.434
0.023240,0.520
0.023250,0.546
0.023260,0.509
0.023270,0.411
0.023280,0.258
0.023290,0.060
0.023300,-0.173
0.023310,-0.424
0.023320,-0.680
0.023330,-0.924
0.023340,-1.141
0.023350,-1.318
0.023360,-1.444
0.023370,-1.512
0.023380,-1.517
0.023390,-1.460
0.023400,-1.345
0.023410,-1.179
0.023420,-0.972
0.023430,-0.739
0.023440,-0.494
0.023450,-0.253
0.023460,-0.031
0.023470,0.157
0.023480,0.299
0.023490,0.386
0.023500,0.412
0.023510,0.376
0.023520,0.278
0.023530,0.126
0.023540,-0.072
0.023550,-0.304
0.023560,-0.555
0.023570,-0.810
0.023580,-1.053
0.023590,-1.270
0.023600,-1.446
0.023610,-1.572
0.023620,-1.639
0.023630,-1.644
0.023640,-1.586
0.023650,-1.470
0.023660,-1.303
0.023670,-1.096
0.023680,-0.863
0.023690,-0.617
0.023700,-0.376
0.023710,-0.153
0.023720,0.035
0.023730,0.178
0.023740,0.266
0.023750,0.293
0.023760,0.257
0.023770,0.160
0.023780,0.009
0.023790,-0.189
0.023800,-0.420
0.023810,-0.670
0.023820,-0.925
0.023830,-1.168
0.023840,-1.383
0.023850,-1.559
0.023860,-1.684
0.023870,-1.750
0.023880,-1.755
0.023890,-1.696
0.023900,-1.580
0.023910,-1.412
0.023920,-1.204
0.023930,-0.970
0.023940,-0.723
0.023950,-0.481
0.023960,-0.258
0.023970,-0.069
0.023980,0.075
0.023990,0.163
0.024000,0.191
0.024010,0.156
0.024020,0.060
0.024030,-0.091
0.024040,-0.288
0.024050,-0.518
0.024060,-0.768
0.024070,-1.021
0.024080,-1.263
0.024090,-1.478
0.024100,-1.653
0.024110,-1.777
0.024120,-1.843
0.024130,-1.846
0.024140,-1.787
0.024150,-1.670
0.024160,-1.501
0.024170,-1.293
0.024180,-1.058
0.024190,-0.810
0.024200,-0.567
0.024210,-0.343
0.024220,-0.153
0.024230,-0.009
0.024240,0.080
0.024250,0.109
0.024260,0.075
0.024270,-0.020
0.024280,-0.170
0.024290,-0.366
0.024300,-0.596
0.024310,-0.845
0.024320,-1.097
0.024330,-1.338
0.024340,-1.553
0.024350,-1.727
0.024360,-1.850
0.024370,-1.915
0.024380,-1.917
0.024390,-1.857
0.024400,-1.739
0.024410,-1.569
0.024420,-1.360
0.024430,-1.124
0.024440,-0.876
0.024450,-0.632
0.024460,-0.407
0.024470,-0.216
0.024480,-0.071
0.024490,0.019
0.024500,0.049
0.024510,0.016
0.024520,-0.079
0.024530,-0.228
0.024540,-0.423
0.024550,-0.651
0.024560,-0.899
0.024570,-1.151
0.024580,-1.391
0.024590,-1.604
0.024600,-1.778
0.024610,-1.900
0.024620,-1.964
0.024630,-1.965
0.024640,-1.904
0.024650,-1.785
0.024660,-1.615
0.024670,-1.404
0.024680,-1.167
0.024690,-0.918
0.024700,-0.673
0.024710,-0.448
0.024720,-0.256
0.024730,-0.109
0.024740,-0.018
0.024750,0.012
0.024760,-0.020
0.024770,-0.113
0.024780,-0.261
0.024790,-0.455
0.024800,-0.683
0.024810,-0.930
0.024820,-1.181
0.024830,-1.420
0.024840,-1.632
0.024850,-1.805
0.024860,-1.926
0.024870,-1.989
0.024880,-1.989
0.024890,-1.927
0.024900,-1.807
0.024910,-1.636
0.024920,-1.425
0.024930,-1.186
0.024940,-0.936
0.024950,-0.690
0.024960,-0.464
0.024970,-0.271
0.024980,-0.124
0.024990,-0.031
0.025000,0.000
0.025010,-0.031
0.025020,-0.124
0.025030,-0.271
0.025040,-0.464
0.025050,-0.690
0.025060,-0.936
0.025070,-1.186
0.025080,-1.425
0.025090,-1.636
0.025100,-1.807
0.025110,-1.927
0.025120,-1.989
0.025130,-1.989
0.025140,-1.926
0.025150,-1.805
0.025160,-1.632
0.025170,-1.420
0.025180,-1.181
0.025190,-0.930
0.025200,-0.683
0.025210,-0.455
0.025220,-0.261
0.025230,-0.113
0.025240,-0.020
0.025250,0.012
0.025260,-0.018
0.025270,-0.109
0.025280,-0.256
0.025290,-0.448
0.025300,-0.673
0.025310,-0.918
0.025320,-1.167
0.025330,-1.404
0.025340,-1.615
0.025350,-1.785
0.025360,-1.904
0.025370,-1.965
0.025380,-1.964
0.025390,-1.900
0.025400,-1.778
0.025410,-1.604
0.025420,-1.391
0.025430,-1.151
0.025440,-0.899
0.025450,-0.651
0.025460,-0.423
0.025470,-0.228
0.025480,-0.079
0.025490,0.016
0.025500,0.049
0.025510,0.019
0.025520,-0.071
0.025530,-0.216
0.025540,-0.407
0.025550,-0.632
0.025560,-0.876
0.025570,-1.124
0.025580,-1.360
0.025590,-1.569
0.025600,-1.739
0.025610,-1.857
0.025620,-1.917
0.025630,-1.915
0.025640,-1.850
0.025650,-1.727
0.025660,-1.553
0.025670,-1.338
0.025680,-1.097
0.025690,-0.845
0.025700,-0.596
0.025710,-0.366
0.025720,-0.170
0.025730,-0.020
0.025740,0.075
0.025750,0.109
0.025760,0.080
0.025770,-0.009
0.025780,-0.153
0.025790,-0.343
0.025800,-0.567
0.025810,-0.810
0.025820,-1.058
0.025830,-1.293
0.025840,-1.501
0.025850,-1.670
0.025860,-1.787
0.025870,-1.846
0.025880,-1.843
0.025890,-1.777
0.025900,-1.653
0.025910,-1.478
0.025920,-1.263
0.025930,-1.021
0.025940,-0.768
0.025950,-0.518
0.025960,-0.288
0.025970,-0.091
0.025980,0.060
0.025990,0.156
0.026000,0.191
0.026010,0.163
0.026020,0.075
0.026030,-0.069
0.026040,-0.258
0.026050,-0.481
0.026060,-0.723
0.026070,-0.970
0.026080,-1.204
0.026090,-1.412
0.026100,-1.580
0.026110,-1.696
0.026120,-1.755
0.026130,-1.750
0.026140,-1.684
0.026150,-1.559
0.026160,-1.383
0.026170,-1.168
0.026180,-0.925
0.026190,-0.670
0.026200,-0.420
0.026210,-0.189
0.026220,0.009
0.026230,0.160
0.026240,0.257
0.026250,0.293
0.026260,0.266
0.026270,0.178
0.026280,0.035
0.026290,-0.153
0.026300,-0.376
0.026310,-0.617
0.026320,-0.863
0.026330,-1.096
0.026340,-1.303
0.026350,-1.470
0.026360,-1.586
0.026370,-1.644
0.026380,-1.639
0.026390,-1.572
0.026400,-1.446
0.026410,-1.270
0.026420,-1.053
0.026430,-0.810
0.026440,-0.555
0.026450,-0.304
0.026460,-0.072
0.026470,0.126
0.026480,0.278
0.026490,0.376
0.026500,0.412
0.026510,0.386
0.026520,0.299
0.026530,0.157
0.026540,-0.031
0.026550,-0.253
0.026560,-0.494
0.026570,-0.739
0.026580,-0.972
0.026590,-1.179
0.026600,-1.345
0.026610,-1.460
0.026620,-1.517
0.026630,-1.512
0.026640,-1.444
0.026650,-1.318
0.026660,-1.141
0.026670,-0.924
0.026680,-0.680
0.026690,-0.424
0.026700,-0.173
0.026710,0.060
0.026720,0.258
0.026730,0.411
0.026740,0.509
0.026750,0.546
0.026760,0.520
0.026770,0.434
0.026780,0.292
0.026790,0.104
0.026800,-0.117
0.026810,-0.357
0.026820,-0.602
0.026830,-0.834
0.026840,-1.040
0.026850,-1.206
0.026860,-1.321
0.026870,-1.378
0.026880,-1.372
0.026890,-1.304
0.026900,-1.177
0.026910,-1.000
0.026920,-0.782
0.026930,-0.538
0.026940,-0.282
0.026950,-0.030
0.026960,0.203
0.026970,0.402
0.026980,0.555
0.026990,0.654
0.027000,0.691
0.027010,0.666
0.027020,0.579
0.027030,0.438
0.027040,0.251
0.027050,0.030
0.027060,-0.210
0.027070,-0.454
0.027080,-0.687
0.027090,-0.892
0.027100,-1.058
0.027110,-1.172
0.027120,-1.229
0.027130,-1.223
0.027140,-1.154
0.027150,-1.027
0.027160,-0.849
0.027170,-0.632
0.027180,-0.387
0.027190,-0.131
0.027200,0.122
0.027210,0.355
0.027220,0.554
0.027230,0.707
0.027240,0.806
0.027250,0.844
0.027260,0.818
0.027270,0.732
0.027280,0.591
0.027290,0.404
0.027300,0.184
0.027310,-0.056
0.027320,-0.300
0.027330,-0.532
0.027340,-0.738
0.027350,-0.903
0.027360,-1.018
0.027370,-1.074
0.027380,-1.067
0.027390,-0.999
0.027400,-0.872
0.027410,-0.694
0.027420,-0.476
0.027430,-0.231
0.027440,0.025
0.027450,0.278
0.027460,0.511
0.027470,0.710
0.027480,0.864
0.027490,0.962
0.027500,1.000
0.027510,0.975
0.027520,0.889
0.027530,0.748
0.027540,0.561
0.027550,0.340
0.027560,0.100
0.027570,-0.143
0.027580,-0.376
0.027590,-0.581
0.027600,-0.746
0.027610,-0.861
0.027620,-0.917
0.027630,-0.911
0.027640,-0.842
0.027650,-0.715
0.027660,-0.537
0.027670,-0.319
0.027680,-0.075
0.027690,0.182
0.027700,0.434
0.027710,0.667
0.027720,0.867
0.027730,1.020
0.027740,1.119
0.027750,1.156
0.027760,1.131
0.027770,1.045
0.027780,0.904
0.027790,0.717
0.027800,0.496
0.027810,0.256
0.027820,0.012
0.027830,-0.220
0.027840,-0.425
0.027850,-0.591
0.027860,-0.706
0.027870,-0.762
0.027880,-0.756
0.027890,-0.687
0.027900,-0.560
0.027910,-0.383
0.027920,-0.165
0.027930,0.080
0.027940,0.336
0.027950,0.588
0.027960,0.821
0.027970,1.020
0.027980,1.173
0.027990,1.272
0.028000,1.309
0.028010,1.284
0.028020,1.197
0.028030,1.056
0.028040,0.869
0.028050,0.648
0.028060,0.407
0.028070,0.163
0.028080,-0.069
0.028090,-0.275
0.028100,-0.441
0.028110,-0.556
0.028120,-0.612
0.028130,-0.607
0.028140,-0.538
0.028150,-0.412
0.028160,-0.235
0.028170,-0.017
0.028180,0.227
0.028190,0.483
0.028200,0.735
0.028210,0.967
0.028220,1.166
0.028230,1.319
0.028240,1.417
0.028250,1.454
0.028260,1.428
0.028270,1.341
0.028280,1.200
0.028290,1.012
0.028300,0.791
0.028310,0.550
0.028320,0.305
0.028330,0.072
0.028340,-0.134
0.028350,-0.300
0.028360,-0.415
0.028370,-0.472
0.028380,-0.467
0.028390,-0.399
0.028400,-0.273
0.028410,-0.096
0.028420,0.121
0.028430,0.364
0.028440,0.620
0.028450,0.871
0.028460,1.103
0.028470,1.301
0.028480,1.454
0.028490,1.551
0.028500,1.588
0.028510,1.561
0.028520,1.474
0.028530,1.332
0.028540,1.144
0.028550,0.922
0.028560,0.681
0.028570,0.435
0.028580,0.202
0.028590,-0.005
0.028600,-0.172
0.028610,-0.288
0.028620,-0.345
0.028630,-0.340
0.028640,-0.273
0.028650,-0.148
0.028660,0.029
0.028670,0.245
0.028680,0.488
0.028690,0.743
0.028700,0.994
0.028710,1.225
0.028720,1.423
0.028730,1.574
0.028740,1.671
0.028750,1.707
0.028760,1.680
0.028770,1.592
0.028780,1.449
0.028790,1.260
0.028800,1.038
0.028810,0.796
0.028820,0.550
0.028830,0.316
0.028840,0.109
0.028850,-0.059
0.028860,-0.176
0.028870,-0.234
0.028880,-0.230
0.028890,-0.163
0.028900,-0.039
0.028910,0.137
0.028920,0.353
0.028930,0.595
0.028940,0.849
0.028950,1.099
0.028960,1.330
0.028970,1.527
0.028980,1.678
0.028990,1.774
0.029000,1.809
0.029010,1.781
0.029020,1.693
0.029030,1.549
0.029040,1.359
0.029050,1.136
0.029060,0.893
0.029070,0.647
0.029080,0.412
0.029090,0.204
0.029100,0.035
0.029110,-0.082
0.029120,-0.141
0.029130,-0.138
0.029140,-0.072
0.029150,0.052
0.029160,0.226
0.029170,0.441
0.029180,0.683
0.029190,0.936
0.029200,1.185
0.029210,1.415
0.029220,1.611
0.029230,1.762
0.029240,1.857
0.029250,1.891
0.029260,1.862
0.029270,1.773
0.029280,1.628
0.029290,1.438
0.029300,1.214
0.029310,0.970
0.029320,0.723
0.029330,0.487
0.029340,0.278
0.029350,0.109
0.029360,-0.010
0.029370,-0.069
0.029380,-0.067
0.029390,-0.002
0.029400,0.121
0.029410,0.295
0.029420,0.509
0.029430,0.749
0.029440,1.002
0.029450,1.250
0.029460,1.479
0.029470,1.674
0.029480,1.823
0.029490,1.918
0.029500,1.951
0.029510,1.922
0.029520,1.831
0.029530,1.686
0.029540,1.494
0.029550,1.269
0.029560,1.025
0.029570,0.776
0.029580,0.540
0.029590,0.330
0.029600,0.160
0.029610,0.040
0.029620,-0.020
0.029630,-0.019
0.029640,0.045
0.029650,0.167
0.029660,0.340
0.029670,0.553
0.029680,0.792
0.029690,1.044
0.029700,1.291
0.029710,1.519
0.029720,1.714
0.029730,1.862
0.029740,1.955
0.029750,1.988
0.029760,1.957
0.029770,1.866
0.029780,1.719
0.029790,1.527
0.029800,1.301
0.029810,1.056
0.029820,0.806
0.029830,0.569
0.029840,0.358
0.029850,0.187
0.029860,0.066
0.029870,0.005
0.029880,0.005
0.029890,0.068
0.029900,0.189
0.029910,0.361
0.029920,0.573
0.029930,0.812
0.029940,1.062
0.029950,1.309
0.029960,1.536
0.029970,1.729
0.029980,1.876
0.029990,1.969
0.030000,2.000
0.030010,1.969
0.030020,1.876
0.030030,1.729
0.030040,1.536
0.030050,1.309
0.030060,1.062
0.030070,0.812
0.030080,0.573
0.030090,0.361
0.030100,0.189
0.030110,0.068
0.030120,0.005
0.030130,0.005
0.030140,0.066
0.030150,0.187
0.030160,0.358
0.030170,0.569
0.030180,0.806
0.030190,1.056
0.030200,1.301
0.030210,1.527
0.030220,1.719
0.030230,1.866
0.030240,1.957
0.030250,1.988
0.030260,1.955
0.030270,1.862
0.030280,1.714
0.030290,1.519
0.030300,1.291
0.030310,1.044
0.030320,0.792
0.030330,0.553
0.030340,0.340
0.030350,0.167
0.030360,0.045
0.030370,-0.019
0.030380,-0.020
0.030390,0.040
0.030400,0.160
0.030410,0.330
0.030420,0.540
0.030430,0.776
0.030440,1.025
0.030450,1.269
0.030460,1.494
0.030470,1.686
0.030480,1.831
0.030490,1.922
0.030500,1.951
0.030510,1.918
0.030520,1.823
0.030530,1.674
0.030540,1.479
0.030550,1.250
0.030560,1.002
0.030570,0.749
0.030580,0.509
0.030590,0.295
0.030600,0.121
0.030610,-0.002
0.030620,-0.067
0.030630,-0.069
0.030640,-0.010
0.030650,0.109
0.030660,0.278
0.030670,0.487
0.030680,0.723
0.030690,0.970
0.030700,1.214
0.030710,1.438
0.030720,1.628
0.030730,1.773
0.030740,1.862
0.030750,1.891
0.030760,1.857
0.030770,1.762
0.030780,1.611
0.030790,1.415
0.030800,1.185
0.030810,0.936
0.030820,0.683
0.030830,0.441
0.030840,0.226
0.030850,0.052
0.030860,-0.072
0.030870,-0.138
0.030880,-0.141
0.030890,-0.082
0.030900,0.035
0.030910,0.204
0.030920,0.412
0.030930,0.647
0.030940,0.893
0.030950,1.136
0.030960,1.359
0.030970,1.549
0.030980,1.693
0.030990,1.781
0.031000,1.809
0.031010,1.774
0.031020,1.678
0.031030,1.527
0.031040,1.330
0.031050,1.099
0.031060,0.849
0.031070,0.595
0.031080,0.353
0.031090,0.137
0.031100,-0.039
0.031110,-0.163
0.031120,-0.230
0.031130,-0.234
0.031140,-0.176
0.031150,-0.059
0.031160,0.109
0.031170,0.316
0.031180,0.550
0.031190,0.796
0.031200,1.038
0.031210,1.260
0.031220,1.449
0.031230,1.592
0.031240,1.680
0.031250,1.707
0.031260,1.671
0.031270,1.574
0.031280,1.423
0.031290,1.225
0.031300,0.994
0.031310,0.743
0.031320,0.488
0.031330,0.245
0.031340,0.029
0.031350,-0.148
0.031360,-0.273
0.031370,-0.340
0.031380,-0.345
0.031390,-0.288
0.031400,-0.172
0.031410,-0.005
0.031420,0.202
0.031430,0.435
0.031440,0.681
0.031450,0.922
0.031460,1.144
0.031470,1.332
0.031480,1.474
0.031490,1.561
0.031500,1.588
0.031510,1.551
0.031520,1.454
0.031530,1.301
0.031540,1.103
0.031550,0.871
0.031560,0.620
0.031570,0.364
0.031580,0.121
0.031590,-0.096
0.031600,-0.273
0.031610,-0.399
0.031620,-0.467
0.031630,-0.472
0.031640,-0.415
0.031650,-0.300
0.031660,-0.134
0.031670,0.072
0.031680,0.305
0.031690,0.550
0.031700,0.791
0.031710,1.012
0.031720,1.200
0.031730,1.341
0.031740,1.428
0.031750,1.454
0.031760,1.417
0.031770,1.319
0.031780,1.166
0.031790,0.967
0.031800,0.735
0.031810,0.483
0.031820,0.227
0.031830,-0.017
0.031840,-0.235
0.031850,-0.412
0.031860,-0.538
0.031870,-0.607
0.031880,-0.612
0.031890,-0.556
0.031900,-0.441
0.031910,-0.275
0.031920,-0.069
0.031930,0.163
0.031940,0.407
0.031950,0.648
0.031960,0.869
0.031970,1.056
0.031980,1.197
0.031990,1.284
0.032000,1.309
0.032010,1.272
0.032020,1.173
0.032030,1.020
0.032040,0.821
0.032050,0.588
0.032060,0.336
0.032070,0.080
0.032080,-0.165
0.032090,-0.383
0.032100,-0.560
0.032110,-0.687
0.032120,-0.756
0.032130,-0.762
0.032140,-0.706
0.032150,-0.591
0.032160,-0.425
0.032170,-0.220
0.032180,0.012
0.032190,0.256
0.032200,0.496
0.032210,0.717
0.032220,0.904
0.032230,1.045
0.032240,1.131
0.032250,1.156
0.032260,1.119
0.032270,1.020
0.032280,0.867
0.032290,0.667
0.032300,0.434
0.032310,0.182
0.032320,-0.075
0.032330,-0.319
0.032340,-0.537
0.032350,-0.715
0.032360,-0.842
0.032370,-0.911
0.032380,-0.917
0.032390,-0.861
0.032400,-0.746
0.032410,-0.581
0.032420,-0.376
0.032430,-0.143
0.032440,0.100
0.032450,0.340
0.032460,0.561
0.032470,0.748
0.032480,0.889
0.032490,0.975
0.032500,1.000
0.032510,0.962
0.032520,0.864
0.032530,0.710
0.032540,0.511
0.032550,0.278
0.032560,0.025
0.032570,-0.231
0.032580,-0.476
0.032590,-0.694
0.032600,-0.872
0.032610,-0.999
0.032620,-1.067
0.032630,-1.074
0.032640,-1.018
0.032650,-0.903
0.032660,-0.738
0.032670,-0.532
0.032680,-0.300
0.032690,-0.056
0.032700,0.184
0.032710,0.404
0.032720,0.591
0.032730,0.732
0.032740,0.818
0.032750,0.844
0.032760,0.806
0.032770,0.707
0.032780,0.554
0.032790,0.355
0.032800,0.122
0.032810,-0.131
0.032820,-0.387
0.032830,-0.632
0.032840,-0.849
0.032850,-1.027
0.032860,-1.154
0.032870,-1.223
0.032880,-1.229
0.032890,-1.172
0.032900,-1.058
0.032910,-0.892
0.032920,-0.687
0.032930,-0.454
0.032940,-0.210
0.032950,0.030
0.032960,0.251
0.032970,0.438
0.032980,0.579
0.032990,0.666
0.033000,0.691
0.033010,0.654
0.033020,0.555
0.033030,0.402
0.033040,0.203
0.033050,-0.030
0.033060,-0.282
0.033070,-0.538
0.033080,-0.782
0.033090,-1.000
0.033100,-1.177
0.033110,-1.304
0.033120,-1.372
0.033130,-1.378
0.033140,-1.321
0.033150,-1.206
0.033160,-1.040
0.033170,-0.834
0.033180,-0.602
0.033190,-0.357
0.033200,-0.117
0.033210,0.104
0.033220,0.292
0.033230,0.434
0.033240,0.520
0.033250,0.546
0.033260,0.509
0.033270,0.411
0.033280,0.258
0.033290,0.060
0.033300,-0.173
0.033310,-0.424
0.033320,-0.680
0.033330,-0.924
0.033340,-1.141
0.033350,-1.318
0.033360,-1.444
0.033370,-1.512
0.033380,-1.517
0.033390,-1.460
0.033400,-1.345
0.033410,-1.179
0.033420,-0.972
0.033430,-0.739
0.033440,-0.494
0.033450,-0.253
0.033460,-0.031
0.033470,0.157
0.033480,0.299
0.033490,0.386
0.033500,0.412
0.033510,0.376
0.033520,0.278
0.033530,0.126
0.033540,-0.072
0.033550,-0.304
0.033560,-0.555
0.033570,-0.810
0.033580,-1.053
0.033590,-1.270
0.033600,-1.446
0.033610,-1.572
0.033620,-1.639
0.033630,-1.644
0.033640,-1.586
0.033650,-1.470
0.033660,-1.303
0.033670,-1.096
0.033680,-0.863
0.033690,-0.617
0.033700,-0.376
0.033710,-0.153
0.033720,0.035
0.033730,0.178
0.033740,0.266
0.033750,0.293
0.033760,0.257
0.033770,0.160
0.033780,0.009
0.033790,-0.189
0.033800,-0.420
0.033810,-0.670
0.033820,-0.925
0.033830,-1.168
0.033840,-1.383
0.033850,-1.559
0.033860,-1.684
0.033870,-1.750
0.033880,-1.755
0.033890,-1.696
0.033900,-1.580
0.033910,-1.412
0.033920,-1.204
0.033930,-0.970
0.033940,-0.723
0.033950,-0.481
0.033960,-0.258
0.033970,-0.069
0.033980,0.075
0.033990,0.163
0.034000,0.191
0.034010,0.156
0.034020,0.060
0.034030,-0.091
0.034040,-0.288
0.034050,-0.518
0.034060,-0.768
0.034070,-1.021
0.034080,-1.263
0.034090,-1.478
0.034100,-1.653
0.034110,-1.777
0.034120,-1.843
0.034130,-1.846
0.034140,-1.787
0.034150,-1.670
0.034160,-1.501
0.034170,-1.293
0.034180,-1.058
0.034190,-0.810
0.034200,-0.567
0.034210,-0.343
0.034220,-0.153
0.034230,-0.009
0.034240,0.080
0.034250,0.109
0.034260,0.075
0.034270,-0.020
0.034280,-0.170
0.034290,-0.366
0.034300,-0.596
0.034310,-0.845
0.034320,-1.097
0.034330,-1.338
0.034340,-1.553
0.034350,-1.727
0.034360,-1.850
0.034370,-1.915
0.034380,-1.917
0.034390,-1.857
0.034400,-1.739
0.034410,-1.569
0.034420,-1.360
0.034430,-1.124
0.034440,-0.876
0.034450,-0.632
0.034460,-0.407
0.034470,-0.216
0.034480,-0.071
0.034490,0.019
0.034500,0.049
0.034510,0.016
0.034520,-0.079
0.034530,-0.228
0.034540,-0.423
0.034550,-0.651
0.034560,-0.899
0.034570,-1.151
0.034580,-1.391
0.034590,-1.604
0.034600,-1.778
0.034610,-1.900
0.034620,-1.964
0.034630,-1.965
0.034640,-1.904
0.034650,-1.785
0.034660,-1.615
0.034670,-1.404
0.034680,-1.167
0.034690,-0.918
0.034700,-0.673
0.034710,-0.448
0.034720,-0.256
0.034730,-0.109
0.034740,-0.018
0.034750,0.012
0.034760,-0.020
0.034770,-0.113
0.034780,-0.261
0.034790,-0.455
0.034800,-0.683
0.034810,-0.930
0.034820,-1.181
0.034830,-1.420
0.034840,-1.632
0.034850,-1.805
0.034860,-1.926
0.034870,-1.989
0.034880,-1.989
0.034890,-1.927
0.034900,-1.807
0.034910,-1.636
0.034920,-1.425
0.034930,-1.186
0.034940,-0.936
0.034950,-0.690
0.034960,-0.464
0.034970,-0.271
0.034980,-0.124
0.034990,-0.031
0.035000,0.000
0.035010,-0.031
0.035020,-0.124
0.035030,-0.271
0.035040,-0.464
0.035050,-0.690
0.035060,-0.936
0.035070,-1.186
0.035080,-1.425
0.035090,-1.636
0.035100,-1.807
0.035110,-1.927
0.035120,-1.989
0.035130,-1.989
0.035140,-1.926
0.035150,-1.805
0.035160,-1.632
0.035170,-1.420
0.035180,-1.181
0.035190,-0.930
0.035200,-0.683
0.035210,-0.455
0.035220,-0.261
0.035230,-0.113
0.035240,-0.020
0.035250,0.012
0.035260,-0.018
0.035270,-0.109
0.035280,-0.256
0.035290,-0.448
0.035300,-0.673
0.035310,-0.918
0.035320,-1.167
0.035330,-1.404
0.035340,-1.615
0.035350,-1.785
0.035360,-1.904
0.035370,-1.965
0.035380,-1.964
0.035390,-1.900
0.035400,-1.778
0.035410,-1.604
0.035420,-1.391
0.035430,-1.151
0.035440,-0.899
0.035450,-0.651
0.035460,-0.423
0.035470,-0.228
0.035480,-0.079
0.035490,0.016
0.035500,0.049
0.035510,0.019
0.035520,-0.071
0.035530,-0.216
0.035540,-0.407
0.035550,-0.632
0.035560,-0.876
0.035570,-1.124
0.035580,-1.360
0.035590,-1.569
0.035600,-1.739
0.035610,-1.857
0.035620,-1.917
0.035630,-1.915
0.035640,-1.850
0.035650,-1.727
0.035660,-1.553
0.035670,-1.338
0.035680,-1.097
0.035690,-0.845
0.035700,-0.596
0.035710,-0.366
0.035720,-0.170
0.035730,-0.020
0.035740,0.075
0.035750,0.109
0.035760,0.080
0.035770,-0.009
0.035780,-0.153
0.035790,-0.343
0.035800,-0.567
0.035810,-0.810
0.035820,-1.058
0.035830,-1.293
0.035840,-1.501
0.035850,-1.670
0.035860,-1.787
0.035870,-1.846
0.035880,-1.843
0.035890,-1.777
0.035900,-1.653
0.035910,-1.478
0.035920,-1.263
0.035930,-1.021
0.035940,-0.768
0.035950,-0.518
0.035960,-0.288
0.035970,-0.091
0.035980,0.060
0.035990,0.156
0.036000,0.191
0.036010,0.163
0.036020,0.075
0.036030,-0.069
0.036040,-0.258
0.036050,-0.481
0.036060,-0.723
0.036070,-0.970
0.036080,-1.204
0.036090,-1.412
0.036100,-1.580
0.036110,-1.696
0.036120,-1.755
0.036130,-1.750
0.036140,-1.684
0.036150,-1.559
0.036160,-1.383
0.036170,-1.168
0.036180,-0.925
0.036190,-0.670
0.036200,-0.420
0.036210,-0.189
0.036220,0.009
0.036230,0.160
0.036240,0.257
0.036250,0.293
0.036260,0.266
0.036270,0.178
0.036280,0.035
0.036290,-0.153
0.036300,-0.376
0.036310,-0.617
0.036320,-0.863
0.036330,-1.096
0.036340,-1.303
0.036350,-1.470
0.036360,-1.586
0.036370,-1.644
0.036380,-1.639
0.036390,-1.572
0.036400,-1.446
0.036410,-1.270
0.036420,-1.053
0.036430,-0.810
0.036440,-0.555
0.036450,-0.304
0.036460,-0.072
0.036470,0.126
0.036480,0.278
0.036490,0.376
0.036500,0.412
0.036510,0.386
0.036520,0.299
0.036530,0.157
0.036540,-0.031
0.036550,-0.253
0.036560,-0.494
0.036570,-0.739
0.036580,-0.972
0.036590,-1.179
0.036600,-1.345
0.036610,-1.460
0.036620,-1.517
0.036630,-1.512
0.036640,-1.444
0.036650,-1.318
0.036660,-1.141
0.036670,-0.924
0.036680,-0.680
0.036690,-0.424
0.036700,-0.173
0.036710,0.060
0.036720,0.258
0.036730,0.411
0.036740,0.509
0.036750,0.546
0.036760,0.520
0.036770,0.434
0.036780,0.292
0.036790,0.104
0.036800,-0.117
0.036810,-0.357
0.036820,-0.602
0.036830,-0.834
0.036840,-1.040
0.036850,-1.206
0.036860,-1.321
0.036870,-1.378
0.036880,-1.372
0.036890,-1.304
0.036900,-1.177
0.036910,-1.000
0.036920,-0.782
0.036930,-0.538
0.036940,-0.282
0.036950,-0.030
0.036960,0.203
0.036970,0.402
0.036980,0.555
0.036990,0.654
0.037000,0.691
0.037010,0.666
0.037020,0.579
0.037030,0.438
0.037040,0.251
0.037050,0.030
0.037060,-0.210
0.037070,-0.454
0.037080,-0.687
0.037090,-0.892
0.037100,-1.058
0.037110,-1.172
0.037120,-1.229
0.037130,-1.223
0.037140,-1.154
0.037150,-1.027
0.037160,-0.849
0.037170,-0.632
0.037180,-0.387
0.037190,-0.131
0.037200,0.122
0.037210,0.355
0.037220,0.554
0.037230,0.707
0.037240,0.806
0.037250,0.844
0.037260,0.818
0.037270,0.732
0.037280,0.591
0.037290,0.404
0.037300,0.184
0.037310,-0.056
0.037320,-0.300
0.037330,-0.532
0.037340,-0.738
0.037350,-0.903
0.037360,-1.018
0.037370,-1.074
0.037380,-1.067
0.037390,-0.999
0.037400,-0.872
0.037410,-0.694
0.037420,-0.476
0.037430,-0.231
0.037440,0.025
0.037450,0.278
0.037460,0.511
0.037470,0.710
0.037480,0.864
0.037490,0.962
0.037500,1.000
0.037510,0.975
0.037520,0.889
0.037530,0.748
0.037540,0.561
0.037550,0.340
0.037560,0.100
0.037570,-0.143
0.037580,-0.376
0.037590,-0.581
0.037600,-0.746
0.037610,-0.861
0.037620,-0.917
0.037630,-0.911
0.037640,-0.842
0.037650,-0.715
0.037660,-0.537
0.037670,-0.319
0.037680,-0.075
0.037690,0.182
0.037700,0.434
0.037710,0.667
0.037720,0.867
0.037730,1.020
0.037740,1.119
0.037750,1.156
0.037760,1.131
0.037770,1.045
0.037780,0.904
0.037790,0.717
0.037800,0.496
0.037810,0.256
0.037820,0.012
0.037830,-0.220
0.037840,-0.425
0.037850,-0.591
0.037860,-0.706
0.037870,-0.762
0.037880,-0.756
0.037890,-0.687
0.037900,-0.560
0.037910,-0.383
0.037920,-0.165
0.037930,0.080
0.037940,0.336
0.037950,0.588
0.037960,0.821
0.037970,1.020
0.037980,1.173
0.037990,1.272
0.038000,1.309
0.038010,1.284
0.038020,1.197
0.038030,1.056
0.038040,0.869
0.038050,0.648
0.038060,0.407
0.038070,0.163
0.038080,-0.069
0.038090,-0.275
0.038100,-0.441
0.038110,-0.556
0.038120,-0.612
0.038130,-0.607
0.038140,-0.538
0.038150,-0.412
0.038160,-0.235
0.038170,-0.017
0.038180,0.227
0.038190,0.483
0.038200,0.735
0.038210,0.967
0.038220,1.166
0.038230,1.319
0.038240,1.417
0.038250,1.454
0.038260,1.428
0.038270,1.341
0.038280,1.200
0.038290,1.012
0.038300,0.791
0.038310,0.550
0.038320,0.305
0.038330,0.072
0.038340,-0.134
0.038350,-0.300
0.038360,-0.415
0.038370,-0.472
0.038380,-0.467
0.038390,-0.399
0.038400,-0.273
0.038410,-0.096
0.038420,0.121
0.038430,0.364
0.038440,0.620
0.038450,0.871
0.038460,1.103
0.038470,1.301
0.038480,1.454
0.038490,1.551
0.038500,1.588
0.038510,1.561
0.038520,1.474
0.038530,1.332
0.038540,1.144
0.038550,0.922
0.038560,0.681
0.038570,0.435
0.038580,0.202
0.038590,-0.005
0.038600,-0.172
0.038610,-0.288
0.038620,-0.345
0.038630,-0.340
0.038640,-0.273
0.038650,-0.148
0.038660,0.029
0.038670,0.245
0.038680,0.488
0.038690,0.743
0.038700,0.994
0.038710,1.225
0.038720,1.423
0.038730,1.574
0.038740,1.671
0.038750,1.707
0.038760,1.680
0.038770,1.592
0.038780,1.449
0.038790,1.260
0.038800,1.038
0.038810,0.796
0.038820,0.550
0.038830,0.316
0.038840,0.109
0.038850,-0.059
0.038860,-0.176
0.038870,-0.234
0.038880,-0.230
0.038890,-0.163
0.038900,-0.039
0.038910,0.137
0.038920,0.353
0.038930,0.595
0.038940,0.849
0.038950,1.099
0.038960,1.330
0.038970,1.527
0.038980,1.678
0.038990,1.774
0.039000,1.809
0.039010,1.781
0.039020,1.693
0.039030,1.549
0.039040,1.359
0.039050,1.136
0.039060,0.893
0.039070,0.647
0.039080,0.412
0.039090,0.204
0.039100,0.035
0.039110,-0.082
0.039120,-0.141
0.039130,-0.138
0.039140,-0.072
0.039150,0.052
0.039160,0.226
0.039170,0.441
0.039180,0.683
0.039190,0.936
0.039200,1.185
0.039210,1.415
0.039220,1.611
0.039230,1.762
0.039240,1.857
0.039250,1.891
0.039260,1.862
0.039270,1.773
0.039280,1.628
0.039290,1.438
0.039300,1.214
0.039310,0.970
0.039320,0.723
0.039330,0.487
0.039340,0.278
0.039350,0.109
0.039360,-0.010
0.039370,-0.069
0.039380,-0.067
0.039390,-0.002
0.039400,0.121
0.039410,0.295
0.039420,0.509
0.039430,0.749
0.039440,1.002
0.039450,1.250
0.039460,1.479
0.039470,1.674
0.039480,1.823
0.039490,1.918
0.039500,1.951
0.039510,1.922
0.039520,1.831
0.039530,1.686
0.039540,1.494
0.039550,1.269
0.039560,1.025
0.039570,0.776
0.039580,0.540
0.039590,0.330
0.039600,0.160
0.039610,0.040
0.039620,-0.020
0.039630,-0.019
0.039640,0.045
0.039650,0.167
0.039660,0.340
0.039670,0.553
0.039680,0.792
0.039690,1.044
0.039700,1.291
0.039710,1.519
0.039720,1.714
0.039730,1.862
0.039740,1.955
0.039750,1.988
0.039760,1.957
0.039770,1.866
0.039780,1.719
0.039790,1.527
0.039800,1.301
0.039810,1.056
0.039820,0.806
0.039830,0.569
0.039840,0.358
0.039850,0.187
0.039860,0.066
0.039870,0.005
0.039880,0.005
0.039890,0.068
0.039900,0.189
0.039910,0.361
0.039920,0.573
0.039930,0.812
0.039940,1.062
0.039950,1.309
0.039960,1.536
0.039970,1.729
0.039980,1.876
0.039990,1.969
0.040000,2.000
0.040010,1.969
0.040020,1.876
0.040030,1.729
0.040040,1.536
0.040050,1.309
0.040060,1.062
0.040070,0.812
0.040080,0.573
0.040090,0.361
0.040100,0.189
0.040110,0.068
0.040120,0.005
0.040130,0.005
0.040140,0.066
0.040150,0.187
0.040160,0.358
0.040170,0.569
0.040180,0.806
0.040190,1.056
0.040200,1.301
0.040210,1.527
0.040220,1.719
0.040230,1.866
0.040240,1.957
0.040250,1.988
0.040260,1.955
0.040270,1.862
0.040280,1.714
0.040290,1.519
0.040300,1.291
0.040310,1.044
0.040320,0.792
0.040330,0.553
0.040340,0.340
0.040350,0.167
0.040360,0.045
0.040370,-0.019
0.040380,-0.020
0.040390,0.040
0.040400,0.160
0.040410,0.330
0.040420,0.540
0.040430,0.776
0.040440,1.025
0.040450,1.269
0.040460,1.494
0.040470,1.686
0.040480,1.831
0.040490,1.922
0.040500,1.951
0.040510,1.918
0.040520,1.823
0.040530,1.674
0.040540,1.479
0.040550,1.250
0.040560,1.002
0.040570,0.749
0.040580,0.509
0.040590,0.295
0.040600,0.121
0.040610,-0.002
0.040620,-0.067
0.040630,-0.069
0.040640,-0.010
0.040650,0.109
0.040660,0.278
0.040670,0.487
0.040680,0.723
0.040690,0.970
0.040700,1.214
0.040710,1.438
0.040720,1.628
0.040730,1.773
0.040740,1.862
0.040750,1.891
0.040760,1.857
0.040770,1.762
0.040780,1.611
0.040790,1.415
0.040800,1.185
0.040810,0.936
0.040820,0.683
0.040830,0.441
0.040840,0.226
0.040850,0.052
0.040860,-0.072
0.040870,-0.138
0.040880,-0.141
0.040890,-0.082
0.040900,0.035
0.040910,0.204
0.040920,0.412
0.040930,0.647
0.040940,0.893
0.040950,1.136
